Date,Person,Type,Category,Amount,Description
2020-01-01,Student,Income,Allowance,4501,Monthly allowance
2020-01-01,Student,Expense,Food,831,Food expense
2020-01-01,Student,Expense,Travel,428,Travel expense
2020-01-01,Student,Expense,Education,1808,Education expense
2020-01-01,Student,Expense,Entertainment,343,Entertainment expense
2020-01-01,Student,Expense,Utilities,433,Utilities expense
2020-01-01,Student,Expense,Shopping,1071,Shopping expense
2020-01-01,Family,Income,Salary,51645,Monthly salary
2020-01-01,Family,Expense,Rent,12743,Rent expense
2020-01-01,Family,Expense,Groceries,3669,Groceries expense
2020-01-01,Family,Expense,Utilities,2016,Utilities expense
2020-01-01,Family,Expense,Transport,2670,Transport expense
2020-01-01,Family,Expense,Education,3506,Education expense
2020-01-01,Family,Expense,Healthcare,2306,Healthcare expense
2020-01-01,Family,Expense,Entertainment,2118,Entertainment expense
2020-02-01,Student,Income,Allowance,4522,Monthly allowance
2020-02-01,Student,Expense,Food,874,Food expense
2020-02-01,Student,Expense,Travel,471,Travel expense
2020-02-01,Student,Expense,Education,1333,Education expense
2020-02-01,Student,Expense,Entertainment,765,Entertainment expense
2020-02-01,Student,Expense,Utilities,477,Utilities expense
2020-02-01,Student,Expense,Shopping,962,Shopping expense
2020-02-01,Family,Income,Salary,53092,Monthly salary
2020-02-01,Family,Expense,Rent,12501,Rent expense
2020-02-01,Family,Expense,Groceries,4655,Groceries expense
2020-02-01,Family,Expense,Utilities,1673,Utilities expense
2020-02-01,Family,Expense,Transport,2251,Transport expense
2020-02-01,Family,Expense,Education,2545,Education expense
2020-02-01,Family,Expense,Healthcare,2639,Healthcare expense
2020-02-01,Family,Expense,Entertainment,3077,Entertainment expense
2020-03-01,Student,Income,Allowance,4589,Monthly allowance
2020-03-01,Student,Expense,Food,859,Food expense
2020-03-01,Student,Expense,Travel,553,Travel expense
2020-03-01,Student,Expense,Education,1997,Education expense
2020-03-01,Student,Expense,Entertainment,418,Entertainment expense
2020-03-01,Student,Expense,Utilities,370,Utilities expense
2020-03-01,Student,Expense,Shopping,573,Shopping expense
2020-03-01,Family,Income,Salary,43713,Monthly salary
2020-03-01,Family,Expense,Rent,10896,Rent expense
2020-03-01,Family,Expense,Groceries,4591,Groceries expense
2020-03-01,Family,Expense,Utilities,1820,Utilities expense
2020-03-01,Family,Expense,Transport,3325,Transport expense
2020-03-01,Family,Expense,Education,2828,Education expense
2020-03-01,Family,Expense,Healthcare,1144,Healthcare expense
2020-03-01,Family,Expense,Entertainment,3316,Entertainment expense
2020-04-01,Student,Income,Allowance,6457,Monthly allowance
2020-04-01,Student,Expense,Food,1065,Food expense
2020-04-01,Student,Expense,Travel,444,Travel expense
2020-04-01,Student,Expense,Education,1180,Education expense
2020-04-01,Student,Expense,Entertainment,648,Entertainment expense
2020-04-01,Student,Expense,Utilities,476,Utilities expense
2020-04-01,Student,Expense,Shopping,426,Shopping expense
2020-04-01,Family,Income,Salary,39556,Monthly salary
2020-04-01,Family,Expense,Rent,13145,Rent expense
2020-04-01,Family,Expense,Groceries,4188,Groceries expense
2020-04-01,Family,Expense,Utilities,1774,Utilities expense
2020-04-01,Family,Expense,Transport,3042,Transport expense
2020-04-01,Family,Expense,Education,3079,Education expense
2020-04-01,Family,Expense,Healthcare,2681,Healthcare expense
2020-04-01,Family,Expense,Entertainment,2199,Entertainment expense
2020-05-01,Student,Income,Allowance,4643,Monthly allowance
2020-05-01,Student,Expense,Food,911,Food expense
2020-05-01,Student,Expense,Travel,542,Travel expense
2020-05-01,Student,Expense,Education,1794,Education expense
2020-05-01,Student,Expense,Entertainment,309,Entertainment expense
2020-05-01,Student,Expense,Utilities,321,Utilities expense
2020-05-01,Student,Expense,Shopping,442,Shopping expense
2020-05-01,Family,Income,Salary,35142,Monthly salary
2020-05-01,Family,Expense,Rent,12317,Rent expense
2020-05-01,Family,Expense,Groceries,4043,Groceries expense
2020-05-01,Family,Expense,Utilities,2342,Utilities expense
2020-05-01,Family,Expense,Transport,2945,Transport expense
2020-05-01,Family,Expense,Education,2728,Education expense
2020-05-01,Family,Expense,Healthcare,1338,Healthcare expense
2020-05-01,Family,Expense,Entertainment,1909,Entertainment expense
2020-06-01,Student,Income,Allowance,4955,Monthly allowance
2020-06-01,Student,Expense,Food,903,Food expense
2020-06-01,Student,Expense,Travel,370,Travel expense
2020-06-01,Student,Expense,Education,1430,Education expense
2020-06-01,Student,Expense,Entertainment,331,Entertainment expense
2020-06-01,Student,Expense,Utilities,246,Utilities expense
2020-06-01,Student,Expense,Shopping,634,Shopping expense
2020-06-01,Family,Income,Salary,44415,Monthly salary
2020-06-01,Family,Expense,Rent,13640,Rent expense
2020-06-01,Family,Expense,Groceries,4963,Groceries expense
2020-06-01,Family,Expense,Utilities,2243,Utilities expense
2020-06-01,Family,Expense,Transport,3363,Transport expense
2020-06-01,Family,Expense,Education,2515,Education expense
2020-06-01,Family,Expense,Healthcare,2401,Healthcare expense
2020-06-01,Family,Expense,Entertainment,3039,Entertainment expense
2020-07-01,Student,Income,Allowance,6477,Monthly allowance
2020-07-01,Student,Expense,Food,1135,Food expense
2020-07-01,Student,Expense,Travel,509,Travel expense
2020-07-01,Student,Expense,Education,1266,Education expense
2020-07-01,Student,Expense,Entertainment,630,Entertainment expense
2020-07-01,Student,Expense,Utilities,405,Utilities expense
2020-07-01,Student,Expense,Shopping,839,Shopping expense
2020-07-01,Family,Income,Salary,49156,Monthly salary
2020-07-01,Family,Expense,Rent,11426,Rent expense
2020-07-01,Family,Expense,Groceries,3067,Groceries expense
2020-07-01,Family,Expense,Utilities,1552,Utilities expense
2020-07-01,Family,Expense,Transport,2317,Transport expense
2020-07-01,Family,Expense,Education,3017,Education expense
2020-07-01,Family,Expense,Healthcare,2343,Healthcare expense
2020-07-01,Family,Expense,Entertainment,3177,Entertainment expense
2020-08-01,Student,Income,Allowance,5665,Monthly allowance
2020-08-01,Student,Expense,Food,975,Food expense
2020-08-01,Student,Expense,Travel,450,Travel expense
2020-08-01,Student,Expense,Education,1494,Education expense
2020-08-01,Student,Expense,Entertainment,414,Entertainment expense
2020-08-01,Student,Expense,Utilities,428,Utilities expense
2020-08-01,Student,Expense,Shopping,635,Shopping expense
2020-08-01,Family,Income,Salary,41017,Monthly salary
2020-08-01,Family,Expense,Rent,11220,Rent expense
2020-08-01,Family,Expense,Groceries,4696,Groceries expense
2020-08-01,Family,Expense,Utilities,1608,Utilities expense
2020-08-01,Family,Expense,Transport,3182,Transport expense
2020-08-01,Family,Expense,Education,2526,Education expense
2020-08-01,Family,Expense,Healthcare,2763,Healthcare expense
2020-08-01,Family,Expense,Entertainment,1999,Entertainment expense
2020-09-01,Student,Income,Allowance,6353,Monthly allowance
2020-09-01,Student,Expense,Food,1268,Food expense
2020-09-01,Student,Expense,Travel,389,Travel expense
2020-09-01,Student,Expense,Education,1340,Education expense
2020-09-01,Student,Expense,Entertainment,568,Entertainment expense
2020-09-01,Student,Expense,Utilities,235,Utilities expense
2020-09-01,Student,Expense,Shopping,883,Shopping expense
2020-09-01,Family,Income,Salary,54858,Monthly salary
2020-09-01,Family,Expense,Rent,12343,Rent expense
2020-09-01,Family,Expense,Groceries,3688,Groceries expense
2020-09-01,Family,Expense,Utilities,1738,Utilities expense
2020-09-01,Family,Expense,Transport,3347,Transport expense
2020-09-01,Family,Expense,Education,2452,Education expense
2020-09-01,Family,Expense,Healthcare,1546,Healthcare expense
2020-09-01,Family,Expense,Entertainment,1875,Entertainment expense
2020-10-01,Student,Income,Allowance,4974,Monthly allowance
2020-10-01,Student,Expense,Food,1061,Food expense
2020-10-01,Student,Expense,Travel,554,Travel expense
2020-10-01,Student,Expense,Education,1072,Education expense
2020-10-01,Student,Expense,Entertainment,411,Entertainment expense
2020-10-01,Student,Expense,Utilities,358,Utilities expense
2020-10-01,Student,Expense,Shopping,719,Shopping expense
2020-10-01,Family,Income,Salary,42319,Monthly salary
2020-10-01,Family,Expense,Rent,12295,Rent expense
2020-10-01,Family,Expense,Groceries,3869,Groceries expense
2020-10-01,Family,Expense,Utilities,1643,Utilities expense
2020-10-01,Family,Expense,Transport,2986,Transport expense
2020-10-01,Family,Expense,Education,2835,Education expense
2020-10-01,Family,Expense,Healthcare,2898,Healthcare expense
2020-10-01,Family,Expense,Entertainment,1615,Entertainment expense
2020-11-01,Student,Income,Allowance,5186,Monthly allowance
2020-11-01,Student,Expense,Food,1065,Food expense
2020-11-01,Student,Expense,Travel,386,Travel expense
2020-11-01,Student,Expense,Education,1049,Education expense
2020-11-01,Student,Expense,Entertainment,437,Entertainment expense
2020-11-01,Student,Expense,Utilities,372,Utilities expense
2020-11-01,Student,Expense,Shopping,600,Shopping expense
2020-11-01,Family,Income,Salary,43541,Monthly salary
2020-11-01,Family,Expense,Rent,11767,Rent expense
2020-11-01,Family,Expense,Groceries,3457,Groceries expense
2020-11-01,Family,Expense,Utilities,1790,Utilities expense
2020-11-01,Family,Expense,Transport,2730,Transport expense
2020-11-01,Family,Expense,Education,2016,Education expense
2020-11-01,Family,Expense,Healthcare,2713,Healthcare expense
2020-11-01,Family,Expense,Entertainment,1518,Entertainment expense
2020-12-01,Student,Income,Allowance,6068,Monthly allowance
2020-12-01,Student,Expense,Food,1113,Food expense
2020-12-01,Student,Expense,Travel,595,Travel expense
2020-12-01,Student,Expense,Education,1847,Education expense
2020-12-01,Student,Expense,Entertainment,377,Entertainment expense
2020-12-01,Student,Expense,Utilities,213,Utilities expense
2020-12-01,Student,Expense,Shopping,851,Shopping expense
2020-12-01,Family,Income,Salary,46704,Monthly salary
2020-12-01,Family,Expense,Rent,12699,Rent expense
2020-12-01,Family,Expense,Groceries,3348,Groceries expense
2020-12-01,Family,Expense,Utilities,2119,Utilities expense
2020-12-01,Family,Expense,Transport,2933,Transport expense
2020-12-01,Family,Expense,Education,2424,Education expense
2020-12-01,Family,Expense,Healthcare,2509,Healthcare expense
2020-12-01,Family,Expense,Entertainment,3441,Entertainment expense
2021-01-01,Student,Income,Allowance,4988,Monthly allowance
2021-01-01,Student,Expense,Food,1028,Food expense
2021-01-01,Student,Expense,Travel,486,Travel expense
2021-01-01,Student,Expense,Education,1888,Education expense
2021-01-01,Student,Expense,Entertainment,422,Entertainment expense
2021-01-01,Student,Expense,Utilities,489,Utilities expense
2021-01-01,Student,Expense,Shopping,627,Shopping expense
2021-01-01,Family,Income,Salary,51742,Monthly salary
2021-01-01,Family,Expense,Rent,11920,Rent expense
2021-01-01,Family,Expense,Groceries,4337,Groceries expense
2021-01-01,Family,Expense,Utilities,1823,Utilities expense
2021-01-01,Family,Expense,Transport,3292,Transport expense
2021-01-01,Family,Expense,Education,2209,Education expense
2021-01-01,Family,Expense,Healthcare,1942,Healthcare expense
2021-01-01,Family,Expense,Entertainment,2105,Entertainment expense
2021-02-01,Student,Income,Allowance,4537,Monthly allowance
2021-02-01,Student,Expense,Food,1196,Food expense
2021-02-01,Student,Expense,Travel,555,Travel expense
2021-02-01,Student,Expense,Education,1697,Education expense
2021-02-01,Student,Expense,Entertainment,643,Entertainment expense
2021-02-01,Student,Expense,Utilities,335,Utilities expense
2021-02-01,Student,Expense,Shopping,927,Shopping expense
2021-02-01,Family,Income,Salary,43078,Monthly salary
2021-02-01,Family,Expense,Rent,10344,Rent expense
2021-02-01,Family,Expense,Groceries,4556,Groceries expense
2021-02-01,Family,Expense,Utilities,2005,Utilities expense
2021-02-01,Family,Expense,Transport,2969,Transport expense
2021-02-01,Family,Expense,Education,3919,Education expense
2021-02-01,Family,Expense,Healthcare,2137,Healthcare expense
2021-02-01,Family,Expense,Entertainment,3998,Entertainment expense
2021-03-01,Student,Income,Allowance,4941,Monthly allowance
2021-03-01,Student,Expense,Food,1248,Food expense
2021-03-01,Student,Expense,Travel,469,Travel expense
2021-03-01,Student,Expense,Education,1637,Education expense
2021-03-01,Student,Expense,Entertainment,378,Entertainment expense
2021-03-01,Student,Expense,Utilities,275,Utilities expense
2021-03-01,Student,Expense,Shopping,429,Shopping expense
2021-03-01,Family,Income,Salary,47669,Monthly salary
2021-03-01,Family,Expense,Rent,12221,Rent expense
2021-03-01,Family,Expense,Groceries,4884,Groceries expense
2021-03-01,Family,Expense,Utilities,2449,Utilities expense
2021-03-01,Family,Expense,Transport,3295,Transport expense
2021-03-01,Family,Expense,Education,3044,Education expense
2021-03-01,Family,Expense,Healthcare,2176,Healthcare expense
2021-03-01,Family,Expense,Entertainment,2211,Entertainment expense
2021-04-01,Student,Income,Allowance,5031,Monthly allowance
2021-04-01,Student,Expense,Food,1115,Food expense
2021-04-01,Student,Expense,Travel,462,Travel expense
2021-04-01,Student,Expense,Education,914,Education expense
2021-04-01,Student,Expense,Entertainment,561,Entertainment expense
2021-04-01,Student,Expense,Utilities,399,Utilities expense
2021-04-01,Student,Expense,Shopping,1141,Shopping expense
2021-04-01,Family,Income,Salary,50407,Monthly salary
2021-04-01,Family,Expense,Rent,13917,Rent expense
2021-04-01,Family,Expense,Groceries,3231,Groceries expense
2021-04-01,Family,Expense,Utilities,1921,Utilities expense
2021-04-01,Family,Expense,Transport,2623,Transport expense
2021-04-01,Family,Expense,Education,2893,Education expense
2021-04-01,Family,Expense,Healthcare,2538,Healthcare expense
2021-04-01,Family,Expense,Entertainment,3106,Entertainment expense
2021-05-01,Student,Income,Allowance,5165,Monthly allowance
2021-05-01,Student,Expense,Food,934,Food expense
2021-05-01,Student,Expense,Travel,400,Travel expense
2021-05-01,Student,Expense,Education,806,Education expense
2021-05-01,Student,Expense,Entertainment,782,Entertainment expense
2021-05-01,Student,Expense,Utilities,358,Utilities expense
2021-05-01,Student,Expense,Shopping,1100,Shopping expense
2021-05-01,Family,Income,Salary,49038,Monthly salary
2021-05-01,Family,Expense,Rent,10346,Rent expense
2021-05-01,Family,Expense,Groceries,3395,Groceries expense
2021-05-01,Family,Expense,Utilities,2392,Utilities expense
2021-05-01,Family,Expense,Transport,3117,Transport expense
2021-05-01,Family,Expense,Education,2174,Education expense
2021-05-01,Family,Expense,Healthcare,1046,Healthcare expense
2021-05-01,Family,Expense,Entertainment,2117,Entertainment expense
2021-06-01,Student,Income,Allowance,4798,Monthly allowance
2021-06-01,Student,Expense,Food,1211,Food expense
2021-06-01,Student,Expense,Travel,323,Travel expense
2021-06-01,Student,Expense,Education,1861,Education expense
2021-06-01,Student,Expense,Entertainment,467,Entertainment expense
2021-06-01,Student,Expense,Utilities,403,Utilities expense
2021-06-01,Student,Expense,Shopping,774,Shopping expense
2021-06-01,Family,Income,Salary,45157,Monthly salary
2021-06-01,Family,Expense,Rent,10844,Rent expense
2021-06-01,Family,Expense,Groceries,3284,Groceries expense
2021-06-01,Family,Expense,Utilities,1907,Utilities expense
2021-06-01,Family,Expense,Transport,2264,Transport expense
2021-06-01,Family,Expense,Education,3127,Education expense
2021-06-01,Family,Expense,Healthcare,1701,Healthcare expense
2021-06-01,Family,Expense,Entertainment,2280,Entertainment expense
2021-07-01,Student,Income,Allowance,6241,Monthly allowance
2021-07-01,Student,Expense,Food,932,Food expense
2021-07-01,Student,Expense,Travel,325,Travel expense
2021-07-01,Student,Expense,Education,1925,Education expense
2021-07-01,Student,Expense,Entertainment,339,Entertainment expense
2021-07-01,Student,Expense,Utilities,496,Utilities expense
2021-07-01,Student,Expense,Shopping,928,Shopping expense
2021-07-01,Family,Income,Salary,37641,Monthly salary
2021-07-01,Family,Expense,Rent,11889,Rent expense
2021-07-01,Family,Expense,Groceries,4995,Groceries expense
2021-07-01,Family,Expense,Utilities,1995,Utilities expense
2021-07-01,Family,Expense,Transport,3440,Transport expense
2021-07-01,Family,Expense,Education,3393,Education expense
2021-07-01,Family,Expense,Healthcare,1157,Healthcare expense
2021-07-01,Family,Expense,Entertainment,3321,Entertainment expense
2021-08-01,Student,Income,Allowance,6068,Monthly allowance
2021-08-01,Student,Expense,Food,1096,Food expense
2021-08-01,Student,Expense,Travel,304,Travel expense
2021-08-01,Student,Expense,Education,1418,Education expense
2021-08-01,Student,Expense,Entertainment,556,Entertainment expense
2021-08-01,Student,Expense,Utilities,261,Utilities expense
2021-08-01,Student,Expense,Shopping,1092,Shopping expense
2021-08-01,Family,Income,Salary,49660,Monthly salary
2021-08-01,Family,Expense,Rent,13944,Rent expense
2021-08-01,Family,Expense,Groceries,4209,Groceries expense
2021-08-01,Family,Expense,Utilities,1830,Utilities expense
2021-08-01,Family,Expense,Transport,2622,Transport expense
2021-08-01,Family,Expense,Education,2541,Education expense
2021-08-01,Family,Expense,Healthcare,1431,Healthcare expense
2021-08-01,Family,Expense,Entertainment,1658,Entertainment expense
2021-09-01,Student,Income,Allowance,4577,Monthly allowance
2021-09-01,Student,Expense,Food,1228,Food expense
2021-09-01,Student,Expense,Travel,330,Travel expense
2021-09-01,Student,Expense,Education,642,Education expense
2021-09-01,Student,Expense,Entertainment,322,Entertainment expense
2021-09-01,Student,Expense,Utilities,261,Utilities expense
2021-09-01,Student,Expense,Shopping,997,Shopping expense
2021-09-01,Family,Income,Salary,45359,Monthly salary
2021-09-01,Family,Expense,Rent,12439,Rent expense
2021-09-01,Family,Expense,Groceries,3783,Groceries expense
2021-09-01,Family,Expense,Utilities,2307,Utilities expense
2021-09-01,Family,Expense,Transport,2171,Transport expense
2021-09-01,Family,Expense,Education,2276,Education expense
2021-09-01,Family,Expense,Healthcare,2358,Healthcare expense
2021-09-01,Family,Expense,Entertainment,3453,Entertainment expense
2021-10-01,Student,Income,Allowance,5370,Monthly allowance
2021-10-01,Student,Expense,Food,1023,Food expense
2021-10-01,Student,Expense,Travel,576,Travel expense
2021-10-01,Student,Expense,Education,1192,Education expense
2021-10-01,Student,Expense,Entertainment,601,Entertainment expense
2021-10-01,Student,Expense,Utilities,485,Utilities expense
2021-10-01,Student,Expense,Shopping,871,Shopping expense
2021-10-01,Family,Income,Salary,50803,Monthly salary
2021-10-01,Family,Expense,Rent,10659,Rent expense
2021-10-01,Family,Expense,Groceries,4868,Groceries expense
2021-10-01,Family,Expense,Utilities,2389,Utilities expense
2021-10-01,Family,Expense,Transport,2162,Transport expense
2021-10-01,Family,Expense,Education,2848,Education expense
2021-10-01,Family,Expense,Healthcare,2385,Healthcare expense
2021-10-01,Family,Expense,Entertainment,3412,Entertainment expense
2021-11-01,Student,Income,Allowance,5558,Monthly allowance
2021-11-01,Student,Expense,Food,1239,Food expense
2021-11-01,Student,Expense,Travel,361,Travel expense
2021-11-01,Student,Expense,Education,1366,Education expense
2021-11-01,Student,Expense,Entertainment,521,Entertainment expense
2021-11-01,Student,Expense,Utilities,362,Utilities expense
2021-11-01,Student,Expense,Shopping,343,Shopping expense
2021-11-01,Family,Income,Salary,39892,Monthly salary
2021-11-01,Family,Expense,Rent,12295,Rent expense
2021-11-01,Family,Expense,Groceries,3907,Groceries expense
2021-11-01,Family,Expense,Utilities,1752,Utilities expense
2021-11-01,Family,Expense,Transport,3039,Transport expense
2021-11-01,Family,Expense,Education,2274,Education expense
2021-11-01,Family,Expense,Healthcare,1109,Healthcare expense
2021-11-01,Family,Expense,Entertainment,2881,Entertainment expense
2021-12-01,Student,Income,Allowance,6123,Monthly allowance
2021-12-01,Student,Expense,Food,1047,Food expense
2021-12-01,Student,Expense,Travel,474,Travel expense
2021-12-01,Student,Expense,Education,926,Education expense
2021-12-01,Student,Expense,Entertainment,720,Entertainment expense
2021-12-01,Student,Expense,Utilities,336,Utilities expense
2021-12-01,Student,Expense,Shopping,307,Shopping expense
2021-12-01,Family,Income,Salary,52584,Monthly salary
2021-12-01,Family,Expense,Rent,13610,Rent expense
2021-12-01,Family,Expense,Groceries,3086,Groceries expense
2021-12-01,Family,Expense,Utilities,2470,Utilities expense
2021-12-01,Family,Expense,Transport,3036,Transport expense
2021-12-01,Family,Expense,Education,2797,Education expense
2021-12-01,Family,Expense,Healthcare,2747,Healthcare expense
2021-12-01,Family,Expense,Entertainment,3384,Entertainment expense
2022-01-01,Student,Income,Allowance,4882,Monthly allowance
2022-01-01,Student,Expense,Food,1120,Food expense
2022-01-01,Student,Expense,Travel,321,Travel expense
2022-01-01,Student,Expense,Education,1020,Education expense
2022-01-01,Student,Expense,Entertainment,513,Entertainment expense
2022-01-01,Student,Expense,Utilities,213,Utilities expense
2022-01-01,Student,Expense,Shopping,337,Shopping expense
2022-01-01,Family,Income,Salary,50574,Monthly salary
2022-01-01,Family,Expense,Rent,11702,Rent expense
2022-01-01,Family,Expense,Groceries,4225,Groceries expense
2022-01-01,Family,Expense,Utilities,1790,Utilities expense
2022-01-01,Family,Expense,Transport,3356,Transport expense
2022-01-01,Family,Expense,Education,3413,Education expense
2022-01-01,Family,Expense,Healthcare,2481,Healthcare expense
2022-01-01,Family,Expense,Entertainment,1710,Entertainment expense
2022-02-01,Student,Income,Allowance,5502,Monthly allowance
2022-02-01,Student,Expense,Food,1296,Food expense
2022-02-01,Student,Expense,Travel,536,Travel expense
2022-02-01,Student,Expense,Education,629,Education expense
2022-02-01,Student,Expense,Entertainment,687,Entertainment expense
2022-02-01,Student,Expense,Utilities,440,Utilities expense
2022-02-01,Student,Expense,Shopping,1195,Shopping expense
2022-02-01,Family,Income,Salary,43469,Monthly salary
2022-02-01,Family,Expense,Rent,11360,Rent expense
2022-02-01,Family,Expense,Groceries,3453,Groceries expense
2022-02-01,Family,Expense,Utilities,2446,Utilities expense
2022-02-01,Family,Expense,Transport,3426,Transport expense
2022-02-01,Family,Expense,Education,2559,Education expense
2022-02-01,Family,Expense,Healthcare,2252,Healthcare expense
2022-02-01,Family,Expense,Entertainment,3135,Entertainment expense
2022-03-01,Student,Income,Allowance,5015,Monthly allowance
2022-03-01,Student,Expense,Food,1119,Food expense
2022-03-01,Student,Expense,Travel,354,Travel expense
2022-03-01,Student,Expense,Education,1845,Education expense
2022-03-01,Student,Expense,Entertainment,423,Entertainment expense
2022-03-01,Student,Expense,Utilities,417,Utilities expense
2022-03-01,Student,Expense,Shopping,818,Shopping expense
2022-03-01,Family,Income,Salary,44991,Monthly salary
2022-03-01,Family,Expense,Rent,12414,Rent expense
2022-03-01,Family,Expense,Groceries,4086,Groceries expense
2022-03-01,Family,Expense,Utilities,1500,Utilities expense
2022-03-01,Family,Expense,Transport,2534,Transport expense
2022-03-01,Family,Expense,Education,3125,Education expense
2022-03-01,Family,Expense,Healthcare,1885,Healthcare expense
2022-03-01,Family,Expense,Entertainment,1967,Entertainment expense
2022-04-01,Student,Income,Allowance,5361,Monthly allowance
2022-04-01,Student,Expense,Food,1213,Food expense
2022-04-01,Student,Expense,Travel,526,Travel expense
2022-04-01,Student,Expense,Education,975,Education expense
2022-04-01,Student,Expense,Entertainment,557,Entertainment expense
2022-04-01,Student,Expense,Utilities,241,Utilities expense
2022-04-01,Student,Expense,Shopping,496,Shopping expense
2022-04-01,Family,Income,Salary,45159,Monthly salary
2022-04-01,Family,Expense,Rent,13053,Rent expense
2022-04-01,Family,Expense,Groceries,4554,Groceries expense
2022-04-01,Family,Expense,Utilities,1910,Utilities expense
2022-04-01,Family,Expense,Transport,2714,Transport expense
2022-04-01,Family,Expense,Education,2460,Education expense
2022-04-01,Family,Expense,Healthcare,1155,Healthcare expense
2022-04-01,Family,Expense,Entertainment,1834,Entertainment expense
2022-05-01,Student,Income,Allowance,5018,Monthly allowance
2022-05-01,Student,Expense,Food,1254,Food expense
2022-05-01,Student,Expense,Travel,577,Travel expense
2022-05-01,Student,Expense,Education,1241,Education expense
2022-05-01,Student,Expense,Entertainment,730,Entertainment expense
2022-05-01,Student,Expense,Utilities,477,Utilities expense
2022-05-01,Student,Expense,Shopping,361,Shopping expense
2022-05-01,Family,Income,Salary,39212,Monthly salary
2022-05-01,Family,Expense,Rent,10302,Rent expense
2022-05-01,Family,Expense,Groceries,4195,Groceries expense
2022-05-01,Family,Expense,Utilities,1691,Utilities expense
2022-05-01,Family,Expense,Transport,2136,Transport expense
2022-05-01,Family,Expense,Education,3218,Education expense
2022-05-01,Family,Expense,Healthcare,1103,Healthcare expense
2022-05-01,Family,Expense,Entertainment,3146,Entertainment expense
2022-06-01,Student,Income,Allowance,4732,Monthly allowance
2022-06-01,Student,Expense,Food,1074,Food expense
2022-06-01,Student,Expense,Travel,394,Travel expense
2022-06-01,Student,Expense,Education,1640,Education expense
2022-06-01,Student,Expense,Entertainment,462,Entertainment expense
2022-06-01,Student,Expense,Utilities,288,Utilities expense
2022-06-01,Student,Expense,Shopping,673,Shopping expense
2022-06-01,Family,Income,Salary,45715,Monthly salary
2022-06-01,Family,Expense,Rent,12029,Rent expense
2022-06-01,Family,Expense,Groceries,4110,Groceries expense
2022-06-01,Family,Expense,Utilities,1784,Utilities expense
2022-06-01,Family,Expense,Transport,2177,Transport expense
2022-06-01,Family,Expense,Education,2018,Education expense
2022-06-01,Family,Expense,Healthcare,1268,Healthcare expense
2022-06-01,Family,Expense,Entertainment,1507,Entertainment expense
2022-07-01,Student,Income,Allowance,6277,Monthly allowance
2022-07-01,Student,Expense,Food,968,Food expense
2022-07-01,Student,Expense,Travel,500,Travel expense
2022-07-01,Student,Expense,Education,1931,Education expense
2022-07-01,Student,Expense,Entertainment,400,Entertainment expense
2022-07-01,Student,Expense,Utilities,276,Utilities expense
2022-07-01,Student,Expense,Shopping,718,Shopping expense
2022-07-01,Family,Income,Salary,48841,Monthly salary
2022-07-01,Family,Expense,Rent,10165,Rent expense
2022-07-01,Family,Expense,Groceries,3924,Groceries expense
2022-07-01,Family,Expense,Utilities,1942,Utilities expense
2022-07-01,Family,Expense,Transport,2236,Transport expense
2022-07-01,Family,Expense,Education,2437,Education expense
2022-07-01,Family,Expense,Healthcare,2901,Healthcare expense
2022-07-01,Family,Expense,Entertainment,2687,Entertainment expense
2022-08-01,Student,Income,Allowance,6169,Monthly allowance
2022-08-01,Student,Expense,Food,1180,Food expense
2022-08-01,Student,Expense,Travel,450,Travel expense
2022-08-01,Student,Expense,Education,618,Education expense
2022-08-01,Student,Expense,Entertainment,786,Entertainment expense
2022-08-01,Student,Expense,Utilities,474,Utilities expense
2022-08-01,Student,Expense,Shopping,460,Shopping expense
2022-08-01,Family,Income,Salary,52442,Monthly salary
2022-08-01,Family,Expense,Rent,11091,Rent expense
2022-08-01,Family,Expense,Groceries,3624,Groceries expense
2022-08-01,Family,Expense,Utilities,1585,Utilities expense
2022-08-01,Family,Expense,Transport,2878,Transport expense
2022-08-01,Family,Expense,Education,2898,Education expense
2022-08-01,Family,Expense,Healthcare,1272,Healthcare expense
2022-08-01,Family,Expense,Entertainment,2790,Entertainment expense
2022-09-01,Student,Income,Allowance,5011,Monthly allowance
2022-09-01,Student,Expense,Food,979,Food expense
2022-09-01,Student,Expense,Travel,554,Travel expense
2022-09-01,Student,Expense,Education,1031,Education expense
2022-09-01,Student,Expense,Entertainment,435,Entertainment expense
2022-09-01,Student,Expense,Utilities,344,Utilities expense
2022-09-01,Student,Expense,Shopping,849,Shopping expense
2022-09-01,Family,Income,Salary,48887,Monthly salary
2022-09-01,Family,Expense,Rent,13532,Rent expense
2022-09-01,Family,Expense,Groceries,4191,Groceries expense
2022-09-01,Family,Expense,Utilities,1755,Utilities expense
2022-09-01,Family,Expense,Transport,2045,Transport expense
2022-09-01,Family,Expense,Education,2087,Education expense
2022-09-01,Family,Expense,Healthcare,1025,Healthcare expense
2022-09-01,Family,Expense,Entertainment,1846,Entertainment expense
2022-10-01,Student,Income,Allowance,5762,Monthly allowance
2022-10-01,Student,Expense,Food,936,Food expense
2022-10-01,Student,Expense,Travel,456,Travel expense
2022-10-01,Student,Expense,Education,813,Education expense
2022-10-01,Student,Expense,Entertainment,394,Entertainment expense
2022-10-01,Student,Expense,Utilities,292,Utilities expense
2022-10-01,Student,Expense,Shopping,1086,Shopping expense
2022-10-01,Family,Income,Salary,42815,Monthly salary
2022-10-01,Family,Expense,Rent,10337,Rent expense
2022-10-01,Family,Expense,Groceries,4070,Groceries expense
2022-10-01,Family,Expense,Utilities,2321,Utilities expense
2022-10-01,Family,Expense,Transport,2131,Transport expense
2022-10-01,Family,Expense,Education,2704,Education expense
2022-10-01,Family,Expense,Healthcare,2706,Healthcare expense
2022-10-01,Family,Expense,Entertainment,2688,Entertainment expense
2022-11-01,Student,Income,Allowance,5377,Monthly allowance
2022-11-01,Student,Expense,Food,844,Food expense
2022-11-01,Student,Expense,Travel,547,Travel expense
2022-11-01,Student,Expense,Education,1035,Education expense
2022-11-01,Student,Expense,Entertainment,540,Entertainment expense
2022-11-01,Student,Expense,Utilities,442,Utilities expense
2022-11-01,Student,Expense,Shopping,1025,Shopping expense
2022-11-01,Family,Income,Salary,47067,Monthly salary
2022-11-01,Family,Expense,Rent,10796,Rent expense
2022-11-01,Family,Expense,Groceries,4196,Groceries expense
2022-11-01,Family,Expense,Utilities,1651,Utilities expense
2022-11-01,Family,Expense,Transport,2788,Transport expense
2022-11-01,Family,Expense,Education,3453,Education expense
2022-11-01,Family,Expense,Healthcare,2275,Healthcare expense
2022-11-01,Family,Expense,Entertainment,2664,Entertainment expense
2022-12-01,Student,Income,Allowance,4556,Monthly allowance
2022-12-01,Student,Expense,Food,1231,Food expense
2022-12-01,Student,Expense,Travel,503,Travel expense
2022-12-01,Student,Expense,Education,1932,Education expense
2022-12-01,Student,Expense,Entertainment,654,Entertainment expense
2022-12-01,Student,Expense,Utilities,237,Utilities expense
2022-12-01,Student,Expense,Shopping,580,Shopping expense
2022-12-01,Family,Income,Salary,50458,Monthly salary
2022-12-01,Family,Expense,Rent,11923,Rent expense
2022-12-01,Family,Expense,Groceries,4768,Groceries expense
2022-12-01,Family,Expense,Utilities,2274,Utilities expense
2022-12-01,Family,Expense,Transport,3293,Transport expense
2022-12-01,Family,Expense,Education,2091,Education expense
2022-12-01,Family,Expense,Healthcare,2019,Healthcare expense
2022-12-01,Family,Expense,Entertainment,3344,Entertainment expense
2023-01-01,Student,Income,Allowance,4641,Monthly allowance
2023-01-01,Student,Expense,Food,858,Food expense
2023-01-01,Student,Expense,Travel,340,Travel expense
2023-01-01,Student,Expense,Education,1125,Education expense
2023-01-01,Student,Expense,Entertainment,457,Entertainment expense
2023-01-01,Student,Expense,Utilities,343,Utilities expense
2023-01-01,Student,Expense,Shopping,636,Shopping expense
2023-01-01,Family,Income,Salary,37662,Monthly salary
2023-01-01,Family,Expense,Rent,12004,Rent expense
2023-01-01,Family,Expense,Groceries,3417,Groceries expense
2023-01-01,Family,Expense,Utilities,2065,Utilities expense
2023-01-01,Family,Expense,Transport,3052,Transport expense
2023-01-01,Family,Expense,Education,3262,Education expense
2023-01-01,Family,Expense,Healthcare,1167,Healthcare expense
2023-01-01,Family,Expense,Entertainment,3581,Entertainment expense
2023-02-01,Student,Income,Allowance,5473,Monthly allowance
2023-02-01,Student,Expense,Food,1136,Food expense
2023-02-01,Student,Expense,Travel,396,Travel expense
2023-02-01,Student,Expense,Education,1057,Education expense
2023-02-01,Student,Expense,Entertainment,613,Entertainment expense
2023-02-01,Student,Expense,Utilities,380,Utilities expense
2023-02-01,Student,Expense,Shopping,652,Shopping expense
2023-02-01,Family,Income,Salary,35466,Monthly salary
2023-02-01,Family,Expense,Rent,13067,Rent expense
2023-02-01,Family,Expense,Groceries,4783,Groceries expense
2023-02-01,Family,Expense,Utilities,1874,Utilities expense
2023-02-01,Family,Expense,Transport,3241,Transport expense
2023-02-01,Family,Expense,Education,3773,Education expense
2023-02-01,Family,Expense,Healthcare,1114,Healthcare expense
2023-02-01,Family,Expense,Entertainment,3388,Entertainment expense
2023-03-01,Student,Income,Allowance,5860,Monthly allowance
2023-03-01,Student,Expense,Food,1283,Food expense
2023-03-01,Student,Expense,Travel,559,Travel expense
2023-03-01,Student,Expense,Education,885,Education expense
2023-03-01,Student,Expense,Entertainment,584,Entertainment expense
2023-03-01,Student,Expense,Utilities,457,Utilities expense
2023-03-01,Student,Expense,Shopping,571,Shopping expense
2023-03-01,Family,Income,Salary,50627,Monthly salary
2023-03-01,Family,Expense,Rent,10398,Rent expense
2023-03-01,Family,Expense,Groceries,3208,Groceries expense
2023-03-01,Family,Expense,Utilities,2302,Utilities expense
2023-03-01,Family,Expense,Transport,2207,Transport expense
2023-03-01,Family,Expense,Education,2515,Education expense
2023-03-01,Family,Expense,Healthcare,2518,Healthcare expense
2023-03-01,Family,Expense,Entertainment,2116,Entertainment expense
2023-04-01,Student,Income,Allowance,4865,Monthly allowance
2023-04-01,Student,Expense,Food,1166,Food expense
2023-04-01,Student,Expense,Travel,561,Travel expense
2023-04-01,Student,Expense,Education,1672,Education expense
2023-04-01,Student,Expense,Entertainment,514,Entertainment expense
2023-04-01,Student,Expense,Utilities,467,Utilities expense
2023-04-01,Student,Expense,Shopping,306,Shopping expense
2023-04-01,Family,Income,Salary,42528,Monthly salary
2023-04-01,Family,Expense,Rent,11213,Rent expense
2023-04-01,Family,Expense,Groceries,4359,Groceries expense
2023-04-01,Family,Expense,Utilities,2301,Utilities expense
2023-04-01,Family,Expense,Transport,2533,Transport expense
2023-04-01,Family,Expense,Education,3798,Education expense
2023-04-01,Family,Expense,Healthcare,1271,Healthcare expense
2023-04-01,Family,Expense,Entertainment,2748,Entertainment expense
2023-05-01,Student,Income,Allowance,6431,Monthly allowance
2023-05-01,Student,Expense,Food,1245,Food expense
2023-05-01,Student,Expense,Travel,568,Travel expense
2023-05-01,Student,Expense,Education,1419,Education expense
2023-05-01,Student,Expense,Entertainment,728,Entertainment expense
2023-05-01,Student,Expense,Utilities,253,Utilities expense
2023-05-01,Student,Expense,Shopping,655,Shopping expense
2023-05-01,Family,Income,Salary,46693,Monthly salary
2023-05-01,Family,Expense,Rent,13053,Rent expense
2023-05-01,Family,Expense,Groceries,3292,Groceries expense
2023-05-01,Family,Expense,Utilities,1748,Utilities expense
2023-05-01,Family,Expense,Transport,2185,Transport expense
2023-05-01,Family,Expense,Education,3099,Education expense
2023-05-01,Family,Expense,Healthcare,1005,Healthcare expense
2023-05-01,Family,Expense,Entertainment,3590,Entertainment expense
2023-06-01,Student,Income,Allowance,4775,Monthly allowance
2023-06-01,Student,Expense,Food,1017,Food expense
2023-06-01,Student,Expense,Travel,365,Travel expense
2023-06-01,Student,Expense,Education,846,Education expense
2023-06-01,Student,Expense,Entertainment,505,Entertainment expense
2023-06-01,Student,Expense,Utilities,378,Utilities expense
2023-06-01,Student,Expense,Shopping,740,Shopping expense
2023-06-01,Family,Income,Salary,36470,Monthly salary
2023-06-01,Family,Expense,Rent,10164,Rent expense
2023-06-01,Family,Expense,Groceries,4131,Groceries expense
2023-06-01,Family,Expense,Utilities,2472,Utilities expense
2023-06-01,Family,Expense,Transport,2715,Transport expense
2023-06-01,Family,Expense,Education,2675,Education expense
2023-06-01,Family,Expense,Healthcare,1174,Healthcare expense
2023-06-01,Family,Expense,Entertainment,2573,Entertainment expense
2023-07-01,Student,Income,Allowance,6354,Monthly allowance
2023-07-01,Student,Expense,Food,1169,Food expense
2023-07-01,Student,Expense,Travel,332,Travel expense
2023-07-01,Student,Expense,Education,1529,Education expense
2023-07-01,Student,Expense,Entertainment,632,Entertainment expense
2023-07-01,Student,Expense,Utilities,308,Utilities expense
2023-07-01,Student,Expense,Shopping,928,Shopping expense
2023-07-01,Family,Income,Salary,46927,Monthly salary
2023-07-01,Family,Expense,Rent,13756,Rent expense
2023-07-01,Family,Expense,Groceries,4086,Groceries expense
2023-07-01,Family,Expense,Utilities,2180,Utilities expense
2023-07-01,Family,Expense,Transport,2015,Transport expense
2023-07-01,Family,Expense,Education,3136,Education expense
2023-07-01,Family,Expense,Healthcare,1297,Healthcare expense
2023-07-01,Family,Expense,Entertainment,1561,Entertainment expense
2023-08-01,Student,Income,Allowance,4906,Monthly allowance
2023-08-01,Student,Expense,Food,1294,Food expense
2023-08-01,Student,Expense,Travel,387,Travel expense
2023-08-01,Student,Expense,Education,1236,Education expense
2023-08-01,Student,Expense,Entertainment,363,Entertainment expense
2023-08-01,Student,Expense,Utilities,451,Utilities expense
2023-08-01,Student,Expense,Shopping,404,Shopping expense
2023-08-01,Family,Income,Salary,50505,Monthly salary
2023-08-01,Family,Expense,Rent,12318,Rent expense
2023-08-01,Family,Expense,Groceries,4079,Groceries expense
2023-08-01,Family,Expense,Utilities,1755,Utilities expense
2023-08-01,Family,Expense,Transport,2079,Transport expense
2023-08-01,Family,Expense,Education,3559,Education expense
2023-08-01,Family,Expense,Healthcare,2104,Healthcare expense
2023-08-01,Family,Expense,Entertainment,2325,Entertainment expense
2023-09-01,Student,Income,Allowance,6423,Monthly allowance
2023-09-01,Student,Expense,Food,967,Food expense
2023-09-01,Student,Expense,Travel,483,Travel expense
2023-09-01,Student,Expense,Education,1246,Education expense
2023-09-01,Student,Expense,Entertainment,455,Entertainment expense
2023-09-01,Student,Expense,Utilities,298,Utilities expense
2023-09-01,Student,Expense,Shopping,1177,Shopping expense
2023-09-01,Family,Income,Salary,36561,Monthly salary
2023-09-01,Family,Expense,Rent,11944,Rent expense
2023-09-01,Family,Expense,Groceries,4404,Groceries expense
2023-09-01,Family,Expense,Utilities,2149,Utilities expense
2023-09-01,Family,Expense,Transport,3323,Transport expense
2023-09-01,Family,Expense,Education,3057,Education expense
2023-09-01,Family,Expense,Healthcare,2394,Healthcare expense
2023-09-01,Family,Expense,Entertainment,3493,Entertainment expense
2023-10-01,Student,Income,Allowance,4637,Monthly allowance
2023-10-01,Student,Expense,Food,1081,Food expense
2023-10-01,Student,Expense,Travel,384,Travel expense
2023-10-01,Student,Expense,Education,1081,Education expense
2023-10-01,Student,Expense,Entertainment,328,Entertainment expense
2023-10-01,Student,Expense,Utilities,282,Utilities expense
2023-10-01,Student,Expense,Shopping,1162,Shopping expense
2023-10-01,Family,Income,Salary,35043,Monthly salary
2023-10-01,Family,Expense,Rent,11120,Rent expense
2023-10-01,Family,Expense,Groceries,4582,Groceries expense
2023-10-01,Family,Expense,Utilities,2305,Utilities expense
2023-10-01,Family,Expense,Transport,2366,Transport expense
2023-10-01,Family,Expense,Education,2971,Education expense
2023-10-01,Family,Expense,Healthcare,1365,Healthcare expense
2023-10-01,Family,Expense,Entertainment,3433,Entertainment expense
2023-11-01,Student,Income,Allowance,5647,Monthly allowance
2023-11-01,Student,Expense,Food,901,Food expense
2023-11-01,Student,Expense,Travel,502,Travel expense
2023-11-01,Student,Expense,Education,1236,Education expense
2023-11-01,Student,Expense,Entertainment,626,Entertainment expense
2023-11-01,Student,Expense,Utilities,337,Utilities expense
2023-11-01,Student,Expense,Shopping,675,Shopping expense
2023-11-01,Family,Income,Salary,36563,Monthly salary
2023-11-01,Family,Expense,Rent,12314,Rent expense
2023-11-01,Family,Expense,Groceries,3835,Groceries expense
2023-11-01,Family,Expense,Utilities,2164,Utilities expense
2023-11-01,Family,Expense,Transport,2592,Transport expense
2023-11-01,Family,Expense,Education,2926,Education expense
2023-11-01,Family,Expense,Healthcare,1379,Healthcare expense
2023-11-01,Family,Expense,Entertainment,3130,Entertainment expense
2023-12-01,Student,Income,Allowance,5897,Monthly allowance
2023-12-01,Student,Expense,Food,1250,Food expense
2023-12-01,Student,Expense,Travel,457,Travel expense
2023-12-01,Student,Expense,Education,1723,Education expense
2023-12-01,Student,Expense,Entertainment,623,Entertainment expense
2023-12-01,Student,Expense,Utilities,432,Utilities expense
2023-12-01,Student,Expense,Shopping,694,Shopping expense
2023-12-01,Family,Income,Salary,43605,Monthly salary
2023-12-01,Family,Expense,Rent,12540,Rent expense
2023-12-01,Family,Expense,Groceries,3235,Groceries expense
2023-12-01,Family,Expense,Utilities,1840,Utilities expense
2023-12-01,Family,Expense,Transport,2556,Transport expense
2023-12-01,Family,Expense,Education,3040,Education expense
2023-12-01,Family,Expense,Healthcare,2263,Healthcare expense
2023-12-01,Family,Expense,Entertainment,1529,Entertainment expense
2024-01-01,Student,Income,Allowance,5637,Monthly allowance
2024-01-01,Student,Expense,Food,1010,Food expense
2024-01-01,Student,Expense,Travel,573,Travel expense
2024-01-01,Student,Expense,Education,1680,Education expense
2024-01-01,Student,Expense,Entertainment,304,Entertainment expense
2024-01-01,Student,Expense,Utilities,399,Utilities expense
2024-01-01,Student,Expense,Shopping,451,Shopping expense
2024-01-01,Family,Income,Salary,43902,Monthly salary
2024-01-01,Family,Expense,Rent,10727,Rent expense
2024-01-01,Family,Expense,Groceries,3689,Groceries expense
2024-01-01,Family,Expense,Utilities,1860,Utilities expense
2024-01-01,Family,Expense,Transport,3395,Transport expense
2024-01-01,Family,Expense,Education,3732,Education expense
2024-01-01,Family,Expense,Healthcare,1901,Healthcare expense
2024-01-01,Family,Expense,Entertainment,2266,Entertainment expense
2024-02-01,Student,Income,Allowance,6489,Monthly allowance
2024-02-01,Student,Expense,Food,935,Food expense
2024-02-01,Student,Expense,Travel,593,Travel expense
2024-02-01,Student,Expense,Education,632,Education expense
2024-02-01,Student,Expense,Entertainment,314,Entertainment expense
2024-02-01,Student,Expense,Utilities,345,Utilities expense
2024-02-01,Student,Expense,Shopping,1129,Shopping expense
2024-02-01,Family,Income,Salary,53366,Monthly salary
2024-02-01,Family,Expense,Rent,10790,Rent expense
2024-02-01,Family,Expense,Groceries,3151,Groceries expense
2024-02-01,Family,Expense,Utilities,1965,Utilities expense
2024-02-01,Family,Expense,Transport,2338,Transport expense
2024-02-01,Family,Expense,Education,3740,Education expense
2024-02-01,Family,Expense,Healthcare,1719,Healthcare expense
2024-02-01,Family,Expense,Entertainment,1658,Entertainment expense
2024-03-01,Student,Income,Allowance,6327,Monthly allowance
2024-03-01,Student,Expense,Food,1001,Food expense
2024-03-01,Student,Expense,Travel,558,Travel expense
2024-03-01,Student,Expense,Education,1059,Education expense
2024-03-01,Student,Expense,Entertainment,777,Entertainment expense
2024-03-01,Student,Expense,Utilities,417,Utilities expense
2024-03-01,Student,Expense,Shopping,577,Shopping expense
2024-03-01,Family,Income,Salary,50666,Monthly salary
2024-03-01,Family,Expense,Rent,11675,Rent expense
2024-03-01,Family,Expense,Groceries,4346,Groceries expense
2024-03-01,Family,Expense,Utilities,2165,Utilities expense
2024-03-01,Family,Expense,Transport,2005,Transport expense
2024-03-01,Family,Expense,Education,3425,Education expense
2024-03-01,Family,Expense,Healthcare,1637,Healthcare expense
2024-03-01,Family,Expense,Entertainment,2760,Entertainment expense
2024-04-01,Student,Income,Allowance,5860,Monthly allowance
2024-04-01,Student,Expense,Food,1098,Food expense
2024-04-01,Student,Expense,Travel,590,Travel expense
2024-04-01,Student,Expense,Education,875,Education expense
2024-04-01,Student,Expense,Entertainment,686,Entertainment expense
2024-04-01,Student,Expense,Utilities,490,Utilities expense
2024-04-01,Student,Expense,Shopping,750,Shopping expense
2024-04-01,Family,Income,Salary,47674,Monthly salary
2024-04-01,Family,Expense,Rent,12276,Rent expense
2024-04-01,Family,Expense,Groceries,3402,Groceries expense
2024-04-01,Family,Expense,Utilities,2109,Utilities expense
2024-04-01,Family,Expense,Transport,2074,Transport expense
2024-04-01,Family,Expense,Education,3535,Education expense
2024-04-01,Family,Expense,Healthcare,1061,Healthcare expense
2024-04-01,Family,Expense,Entertainment,2923,Entertainment expense
2024-05-01,Student,Income,Allowance,5436,Monthly allowance
2024-05-01,Student,Expense,Food,908,Food expense
2024-05-01,Student,Expense,Travel,417,Travel expense
2024-05-01,Student,Expense,Education,1746,Education expense
2024-05-01,Student,Expense,Entertainment,561,Entertainment expense
2024-05-01,Student,Expense,Utilities,218,Utilities expense
2024-05-01,Student,Expense,Shopping,669,Shopping expense
2024-05-01,Family,Income,Salary,40418,Monthly salary
2024-05-01,Family,Expense,Rent,13997,Rent expense
2024-05-01,Family,Expense,Groceries,3499,Groceries expense
2024-05-01,Family,Expense,Utilities,1637,Utilities expense
2024-05-01,Family,Expense,Transport,2379,Transport expense
2024-05-01,Family,Expense,Education,2425,Education expense
2024-05-01,Family,Expense,Healthcare,1333,Healthcare expense
2024-05-01,Family,Expense,Entertainment,3564,Entertainment expense
2024-06-01,Student,Income,Allowance,4889,Monthly allowance
2024-06-01,Student,Expense,Food,892,Food expense
2024-06-01,Student,Expense,Travel,533,Travel expense
2024-06-01,Student,Expense,Education,1597,Education expense
2024-06-01,Student,Expense,Entertainment,444,Entertainment expense
2024-06-01,Student,Expense,Utilities,414,Utilities expense
2024-06-01,Student,Expense,Shopping,661,Shopping expense
2024-06-01,Family,Income,Salary,36659,Monthly salary
2024-06-01,Family,Expense,Rent,12482,Rent expense
2024-06-01,Family,Expense,Groceries,3914,Groceries expense
2024-06-01,Family,Expense,Utilities,1581,Utilities expense
2024-06-01,Family,Expense,Transport,2836,Transport expense
2024-06-01,Family,Expense,Education,2595,Education expense
2024-06-01,Family,Expense,Healthcare,2561,Healthcare expense
2024-06-01,Family,Expense,Entertainment,1757,Entertainment expense
2024-07-01,Student,Income,Allowance,5728,Monthly allowance
2024-07-01,Student,Expense,Food,1172,Food expense
2024-07-01,Student,Expense,Travel,495,Travel expense
2024-07-01,Student,Expense,Education,1780,Education expense
2024-07-01,Student,Expense,Entertainment,782,Entertainment expense
2024-07-01,Student,Expense,Utilities,327,Utilities expense
2024-07-01,Student,Expense,Shopping,769,Shopping expense
2024-07-01,Family,Income,Salary,49487,Monthly salary
2024-07-01,Family,Expense,Rent,12605,Rent expense
2024-07-01,Family,Expense,Groceries,3760,Groceries expense
2024-07-01,Family,Expense,Utilities,2388,Utilities expense
2024-07-01,Family,Expense,Transport,2032,Transport expense
2024-07-01,Family,Expense,Education,2861,Education expense
2024-07-01,Family,Expense,Healthcare,1252,Healthcare expense
2024-07-01,Family,Expense,Entertainment,1584,Entertainment expense
2024-08-01,Student,Income,Allowance,4982,Monthly allowance
2024-08-01,Student,Expense,Food,1271,Food expense
2024-08-01,Student,Expense,Travel,506,Travel expense
2024-08-01,Student,Expense,Education,1179,Education expense
2024-08-01,Student,Expense,Entertainment,452,Entertainment expense
2024-08-01,Student,Expense,Utilities,366,Utilities expense
2024-08-01,Student,Expense,Shopping,369,Shopping expense
2024-08-01,Family,Income,Salary,54979,Monthly salary
2024-08-01,Family,Expense,Rent,10078,Rent expense
2024-08-01,Family,Expense,Groceries,3551,Groceries expense
2024-08-01,Family,Expense,Utilities,1554,Utilities expense
2024-08-01,Family,Expense,Transport,2882,Transport expense
2024-08-01,Family,Expense,Education,2601,Education expense
2024-08-01,Family,Expense,Healthcare,1616,Healthcare expense
2024-08-01,Family,Expense,Entertainment,3744,Entertainment expense
2024-09-01,Student,Income,Allowance,6302,Monthly allowance
2024-09-01,Student,Expense,Food,981,Food expense
2024-09-01,Student,Expense,Travel,518,Travel expense
2024-09-01,Student,Expense,Education,994,Education expense
2024-09-01,Student,Expense,Entertainment,318,Entertainment expense
2024-09-01,Student,Expense,Utilities,483,Utilities expense
2024-09-01,Student,Expense,Shopping,707,Shopping expense
2024-09-01,Family,Income,Salary,36515,Monthly salary
2024-09-01,Family,Expense,Rent,11122,Rent expense
2024-09-01,Family,Expense,Groceries,4087,Groceries expense
2024-09-01,Family,Expense,Utilities,2328,Utilities expense
2024-09-01,Family,Expense,Transport,3233,Transport expense
2024-09-01,Family,Expense,Education,3720,Education expense
2024-09-01,Family,Expense,Healthcare,2685,Healthcare expense
2024-09-01,Family,Expense,Entertainment,3541,Entertainment expense
2024-10-01,Student,Income,Allowance,4500,Monthly allowance
2024-10-01,Student,Expense,Food,896,Food expense
2024-10-01,Student,Expense,Travel,525,Travel expense
2024-10-01,Student,Expense,Education,1415,Education expense
2024-10-01,Student,Expense,Entertainment,512,Entertainment expense
2024-10-01,Student,Expense,Utilities,301,Utilities expense
2024-10-01,Student,Expense,Shopping,381,Shopping expense
2024-10-01,Family,Income,Salary,35488,Monthly salary
2024-10-01,Family,Expense,Rent,11993,Rent expense
2024-10-01,Family,Expense,Groceries,3122,Groceries expense
2024-10-01,Family,Expense,Utilities,1673,Utilities expense
2024-10-01,Family,Expense,Transport,2703,Transport expense
2024-10-01,Family,Expense,Education,3943,Education expense
2024-10-01,Family,Expense,Healthcare,2618,Healthcare expense
2024-10-01,Family,Expense,Entertainment,2717,Entertainment expense
2024-11-01,Student,Income,Allowance,5194,Monthly allowance
2024-11-01,Student,Expense,Food,1080,Food expense
2024-11-01,Student,Expense,Travel,549,Travel expense
2024-11-01,Student,Expense,Education,1443,Education expense
2024-11-01,Student,Expense,Entertainment,454,Entertainment expense
2024-11-01,Student,Expense,Utilities,270,Utilities expense
2024-11-01,Student,Expense,Shopping,439,Shopping expense
2024-11-01,Family,Income,Salary,35444,Monthly salary
2024-11-01,Family,Expense,Rent,11989,Rent expense
2024-11-01,Family,Expense,Groceries,3692,Groceries expense
2024-11-01,Family,Expense,Utilities,2128,Utilities expense
2024-11-01,Family,Expense,Transport,2865,Transport expense
2024-11-01,Family,Expense,Education,3884,Education expense
2024-11-01,Family,Expense,Healthcare,1349,Healthcare expense
2024-11-01,Family,Expense,Entertainment,3526,Entertainment expense
2024-12-01,Student,Income,Allowance,5947,Monthly allowance
2024-12-01,Student,Expense,Food,1178,Food expense
2024-12-01,Student,Expense,Travel,353,Travel expense
2024-12-01,Student,Expense,Education,1440,Education expense
2024-12-01,Student,Expense,Entertainment,350,Entertainment expense
2024-12-01,Student,Expense,Utilities,241,Utilities expense
2024-12-01,Student,Expense,Shopping,384,Shopping expense
2024-12-01,Family,Income,Salary,54759,Monthly salary
2024-12-01,Family,Expense,Rent,13578,Rent expense
2024-12-01,Family,Expense,Groceries,4227,Groceries expense
2024-12-01,Family,Expense,Utilities,2107,Utilities expense
2024-12-01,Family,Expense,Transport,3432,Transport expense
2024-12-01,Family,Expense,Education,3383,Education expense
2024-12-01,Family,Expense,Healthcare,1182,Healthcare expense
2024-12-01,Family,Expense,Entertainment,2097,Entertainment expense
